customer_segment,delivery_delayed
VIP,0.2920955525344727
Returning,0.2802800466744457
New,0.2756183745583039
