channel,delivery_delayed
Organic,0.28952772073921973
Paid Search,0.2871287128712871
Email,0.2841552142279709
Social,0.2837100545596259
