category,delay_rate
Beauty,0.291319857312723
Clothing,0.29074074074074074
Books,0.288
Home,0.28604786923525977
Toys,0.28391356542617047
Electronics,0.2768595041322314
